#	0
10jul	0
#serviciopublico	0
#urgente	0
.@akiztapp	0
.@farmaplus	0
_	0
ve	0
.@farmabienve	0
.@fundafarmacia	0
.@fundacionbadan	0
.@aclave	0
...	0
#	0
10jul	0
#serviciopublico	0
#urgente	0
.@serviciopublive	0
.@publserv	0
.@sanandove	0
.@fundlasdanielas	0
.@flapastillita	0
.	0
...	0
#	0
10junio	0
#urgente	0
#serviciopublico	0
para	0
un	0
familiar	0
necesito	NEEDS
metronidazol	MED
.	0
favor	0
comunicarse	0
conmigo	0
o	0
al	0
0414-4128402	CONTACT
#	0
10mar	0
#serviciopublico	0
#	0
10mar	0
#serviciop√∫blico	0
con	0
urgencia	NEEDS
para	0
el	0
paciente	0
hugo	NAME
nava	NAME
de	0
77	0
a√±os	0
de	0
edad	0
4146412271	CONTACT
-	0
@javierito321	0
#	0
10mar	0
#serviciopublico	0
para	0
paciente	0
con	0
asperger	SICK
se	0
necesita	NEEDS
ridal	MED
1	0
mg	MED
o	0
resperidina	MED
,	0
abrettia	MED
y	0
sistonecont√°cta	MED
...	0
#	0
10mar	0
#serviciopublico	0
.	0
para	0
paciente	NEEDS
en	0
#anzoategui	LOC
se	0
solicita	NEEDS
bromazepam	MED
o	0
diazepam	MED
de	0
6	0
mg	MED
#	0
10mar	0
#serviciopublico	0
por	0
favor	0
ayudeme	NEEDS
a	0
conseguir	NEEDS
sinogan	MED
de	0
100	0
mg	MED
0416¬†6382957	CONTACT
-	0
@menchitor	0
#	0
10mar	0
#serviciop√∫blico	0
se	0
requiere	NEEDS
para	0
ni√±o	0
de	0
5	0
a√±os	0
fulgran	MED
pedi√°trico	0
o	0
amoxicilina	MED
pedi√°trica	0
.	0
llamar	0
al	0
0414-4961911	CONTACT
-	0
@qpasocarabobo	0
#	0
10mar	0
#serviciop√∫blico	0
se	0
solicita	NEEDS
el	0
siguiente	0
medicamento	0
para	0
ni√±a	0
de	0
3	0
a√±os	0
#	0
10mayo	0
#rt	0
üáªüá™	0
#medicina	0
#primerosauxilios	0
#serviciopublico	0
#sosvzla	0
#ayudahumanitaria	0
#evento	0
#asiste	0
#apoya	0
...	0
#	0
10mayo	0
#serviciopublico	0
oriana	NAME
whaskier	NAME
necesita	NEEDS
los	0
siguientes	0
medicamentos	0
#	0
10mayo	0
#serviciopublico	0
oriana	NAME
whaskier	NAME
se	0
encuentra	0
en	0
el	0
hospital	0
irb	0
de	0
san	0
juan	0
de	0
los	0
m.necesita	NEEDS
los	0
siguient	0
...	0
#	0
10may	0
#serviciopublico	0
para	0
#orianawadskier	0
se	0
necesita	NEEDS
.	0
#	0
10nov	0
por	0
favor	0
,	0
ayudemos	NEEDS
a	0
la	0
colega	0
periodista	0
morella	NAME
ram√≠rez	NAME
#serviciopublico	0
#escasez	0
#medicinas	0
-	0
...	0
#	0
10nov	0
por	0
favor	0
,	0
ayudemos	NEEDS
a	0
la	0
colega	0
periodista	0
morella	NAME
ram√≠rez	NAME
#serviciopublico	0
#escasez	0
@yossetorresr	0
#	0
10nov	0
por	0
favor	0
,	0
ayudemos	NEEDS
a	0
la	0
periodista	0
morella	NAME
ram√≠rez	NAME
#serviciopublico	0
#escasez	0
#medicinas	0
-	0
@yossetorresr	0
#	0
10nov	0
#serviciopublico	0
#felizjueves	0
se	0
solicita	NEEDS
para	0
paciente	NEEDS
en	0
terapia	0
intensiva	0
#caracas	0
0412-8257225	CONTACT
...	0
10	0
nuevos	0
autobuses	0
se	0
sumaran	0
a	0
la	0
flota	0
de	0
tuvisa	0
#serviciopublico	0
#autobusurbano	0
.@vitoriagasteiz	0
@	0
10nytp	0
sabes	0
que	0
el	0
adalat	0
oros	0
esta	0
compuesto	0
por	0
nifedipina	0
y	0
es	0
similar	0
a	0
:	0
-	0
cardiosol	0
lo-nifelan	0
cd-tensomax	0
lp	0
#serviciopublico	0
#	0
10oct	0
#serviciopublico	0
fundacionbadan	0
saludya0800	0
donatumed	0
donamed	0
_	0
v	0
#	0
10oct	0
#serviciopublico	0
@fundacionbadan	0
@saludya0800	0
@donatumed	0
@donamed_ve	0
#	0
10oct	0
#serviciop√∫blico	0
por	0
favor	0
necesito	NEEDS
urgente	NEEDS
bleomisina	MED
de	0
15	0
unidades	0
necesito	NEEDS
4	0
-	0
@mflores_0105	0
#	0
10oct	0
#serviciop√∫blico	0
por	0
favor	0
necesito	NEEDS
urgente	NEEDS
bleomisina	MED
de	0
15	0
unidades	0
necesito	NEEDS
4	0
--	0
mflores	0
_	0
0105	0
#	0
10s	0
en	0
@epilepsiavzlamg	MED
tenemos	OFFERS
meropenem	MED
para	0
donar	OFFERS
#serviciopublico	0
#paradonar	OFFERS
-	0
@cfgv1	0
#	0
10sep	0
#serviciopublico	0
se	0
solicita	NEEDS
#urgente	NEEDS
para	0
beb√©	0
9	0
meses	0
keppra	MED
100mg/ml	MED
#caracas	LOC
04125748158	CONTACT
04241726726	CONTACT
#	0
10sep	0
#serviciop√∫blico	0
solicito	NEEDS
urgente	NEEDS
fenobarbital	MED
para	0
mi	0
abuelito	0
que	0
sufre	0
de	0
convulsiones SICK
.	0
@corazonymanos01	0
#	0
10s	0
#serviciopublico	0
#	0
10s	0
#serviciop√∫blico	0
#	0
10s	0
#serviciop√∫blico	0
necesito	NEEDS
nitropusiato	MED
ampolla	0
de	0
50	0
mg	MED
gracias	0
tlf	0
0426.5184647	CONTACT
o	0
0416.6072916	CONTACT
#	0
10s	0
#serviciopublico	0
necesito	NEEDS
urgente	NEEDS
para	0
mi	0
abuela	0
elantan	MED
long	0
de	0
50	0
mg	MED
,	0
parches	0
de	0
nitroderm	MED
-	0
@lugoalexa	0
#	0
10s	0
#serviciopublico	0
necesito	NEEDS
urgente	NEEDS
para	0
mi	0
abuela	0
elantan	MED
long	0
de	0
50	0
mg	MED
,	0
parches	0
de	0
nitroderm	MED
-	0
@raynerpenar	0
11/02/17	0
#serviciop√∫blicose	0
requieren	NEEDS
20	0
donantes	MED
sangre	MED
para	0
javier	NAME
sanchez	NAME
recluido	NEEDS
traumashock	SICK
chet	0
#valenciacontacto	0
:	0
@mcarrasquel_c	0
11/03/17	0
#serviciopublicose	0
necesita	NEEDS
alb√∫mina	MED
humana	0
para	0
paciente	NEEDS
richard	NAME
dur√°n	NAME
,	0
reclu√≠do	NEEDS
en	0
el	0
hospital	0
de	0
bejumacontacto	0
:	0
@joelroa93	0
11/03/17	0
#serviciopublicose	0
requiere	NEEDS
diaformina	MED
plus	0
5	0
y	0
concord	MED
2.5	0
mg	MED
contacto	0
:	0
@porlasvias	0
11:11	0
necesito	NEEDS
un	0
masaje	0
de	0
esos	0
que	0
terminan	0
en	0
sexo	0
.	0
#serviciopublico	0
üå∫	0
11:29	0
h.	0
comienza	0
la	0
#primaverauna	0
estaci√≥n	0
intensa	0
en	0
#sevilla	0
.	0
disfr√∫tala	0
!!	0
a	0
tu	0
#serviciop√∫blicoos	0
deseamos	0
u	0
...	0
@	0
1185c1ad34bc4b7	0
buenos	0
d√≠as	0
.	0
por	0
favor	0
,	0
ind√≠quenos	0
un	0
n√∫mero	0
telef√≥nico	0
para	0
ayudarlo	0
con	0
#serviciop√∫blico	0
.	0
#	0
11abr	0
#desaparecidos	0
#serviciopublico	0
se	0
busca	0
cualquier	0
informacion	0
de	0
jesus	NAME
urbaezaparecion	0
con	0
vidart	0
y	0
difu	0
...	0
#	0
11abr	0
#serviciop√∫blico	0
para	0
@rcamachovzla	0
buscamos	NEEDS
medicamentos	0
meloxican	MED
,	0
y	0
cefadroxilo	MED
de	0
500	0
mg	MED
#	0
11abr	0
#serviciop√∫blico	0
para	0
@rcamachovzla	0
buscamos	NEEDS
medicamentos	0
meloxican	MED
,	0
y	0
cefadroxilo	MED
de	0
500	0
mg	MED
-	0
@beadrian	0
...	0
#	0
11abr	0
#serviciop√∫blico	0
se	0
solicita	NEEDS
el	0
medicamento	0
solumedrol	MED
,	0
quien	0
est√©	0
interesado	0
favor	0
comunicarse	0
-	0
@naghybe	0
...	0
#	0
11ago	0
#	0
1sepcallesinretorno	0
#serviciopublico	0
se	0
solicita	NEEDS
para	0
bebe	0
6	0
meses	0
cetirizina	MED
#caracas	LOC
0212-4241426	CONTACT
myteks	0
#	0
11ago	0
#serviciopublico	0
#	0
11ago	0
#serviciop√∫blico	0
se	0
necesita	NEEDS
urgente	NEEDS
trileptal	MED
300	0
o	0
600	0
mg	MED
llamar	0
al	0
04143274421	CONTACT
es	0
urgente	NEEDS
gracias	0
--	0
v√≠a	0
@manosparavargas	0
#	0
11ago	0
#serviciop√∫blico	0
solicitan	NEEDS
urgente	NEEDS
en	0
guayana	NEEDS
setralina	MED
de	0
50	0
mg	MED
o	0
fluoxetina MED
de	0
20	0
mg	MED
comunicarse	0
al	0
0414-9571207	CONTACT
--	0
v√≠a	0
@tomalotuyo927	0
#	0
11agosto	0
#rt	0
#medicina	0
#colabora	0
#serviciopublico	0
#ayudahumanitaria	0
#sosvzla	0
#venezuelatenecesita	0
...	0
11	0
a√±os	0
informando11	0
a√±os	0
cumpliendo	0
con	0
nuestro	0
cometido	0
de	0
#serviciop√∫blico	0
en	0
@cextremadura	0
üìª	0
#	0
11dic	0
#serviciop√∫blico	0
se	0
requiere	NEEDS
pr√≥tesis	MED
biliar	MED
7fnx12cm	0
;	0
megace	MED
susp	0
40	0
mg	MED
y	0
gemzar	MED
amo	MED
1000	0
mg	MED
para	0
paciente	NEEDS
d	0
...	0
#	0
11d	0
#serviciopublico	0
se	0
necesitan	NEEDS
4	0
donantes	MED
sangre	MED
tipo	0
orh	0
+	0
para	0
padre	0
tte	0
luis	NAME
seijas	NAME
recluido	NEEDS
en	0
hula	0
inf	0
0424	0
...	0
#	0
11e	0
colabora	0
,	0
nunca	0
es	0
poco	0
lo	0
que	0
puedas	0
aportar	0
#serviciopublico	0
#	0
11e	0
#serviciop√∫blico	0
@ambientebqto	0
ofrece	OFFERS
servicio	0
de	0
profilaxia	MED
animal	0
gratuito	0
de	0
lun-vier	0
.	0
reporta	0
por	0
el	0
0800-imaubar	0
#	0
11e	0
#serviciop√∫blico	0
auxilio	NEEDS
3	0
meses	0
pidiendo	0
ayuda	NEEDS
mi	0
hna	0
necesita	NEEDS
novalde20mg	MED
4129773730	CONTACT
-	0
@ydiaz5	0
#	0
11e	0
#serviciop√∫blico	0
auxilio	NEEDS
3	0
meses	0
pidiendo	0
ayuda	NEEDS
mi	0
hna	0
necesita	NEEDS
novalde20mg	MED
4129773730	CONTACT
--	0
@ydiaz5	0
#	0
11e	0
#serviciop√∫blico	0
en	0
la	0
sede	0
de	0
@salud_bqto	0
tienen	0
disponible	OFFERS
lipacomb	MED
20-10	0
y	0
tofranil	MED
10	0
mg	MED
#	0
11f	0
#serviciop√∫blico	0
para	0
bebe	0
de	0
2	0
a√±os	0
con	0
c√°ncer	SICK
se	0
necesita	NEEDS
carboplatino	MED
450	0
mg	MED
.	0
contacto	0
04244636611	CONTACT
mary	NAME
hernandez	NAME
-	0
@nandasalas	0
#	0
11f	0
#serviciop√∫blico	0
se	0
necesita	NEEDS
sos	0
*	0
ampollas	0
de	0
neupogen	MED
*	0
,	0
para	0
esposo	0
compa√±era	0
de	0
trabajo	0
-	0
@egutierrez999	0
11j	0
8.55	0
pm	0
internet	0
lenta	0
,	0
se	0
cae	0
conexion	0
¬ø	0
que	0
pasa	0
?	0
¬ø	0
sabotaje	0
?	0
¬ø	0
averia	0
?	0
¬ø	0
ineficiencia	0
?	0
¬ø	0
culillo	0
?	0
#serviciopublico	0
@contactocantv	0
@mppeuct	0
#	0
11julio	0
#serviciopublico	0
m√°s	0
de	0
70	0
%	0
de	0
la	0
flota	0
est√°	0
paralizada	0
,	0
por	0
falta	0
de	0
repuesto	0
y	0
por	0
la	0
imposibilidad	0
de	0
r	0
...	0
#	0
11mar	0
#serviciopublico	0
#urgente	NEEDS
#	0
11mar	0
#serviciopublico	0
#urgente	NEEDS
mas	0
en	0
#	0
11mayo	0
necesito	NEEDS
ayuda	NEEDS
...	0
solo	0
dale	0
retweet	0
a	0
este	0
tweet	0
y	0
me	0
estar√°s	0
ayudando	0
...	0
gracias	0
!	0
#artrodar	0
#medicinas	0
...	0
#	0
11may	0
#servicio	0publico
se	0
requiere	NEEDS
avastin	MED
400	0
mg	MED
para	0
que	0
mam√°	0
complete	0
su	0
tratamiento	0
contra	0
c√°ncer	SICK
de	0
ovario	0
.	0
v	0
...	0
#	0
11may	0
#serviciop√∫blico	0
se	0
solicita	NEEDS
el	0
siguiente	0
medicamento	0
#	0
11nov	0
#serviciop√∫blico	0
ciprofloxacina	MED
de	0
500	0
mg	MED
en	0
pastillas	0
para	0
familiar	0
de	0
@mailysequera	0
tlf	0
04143476456	CONTACT
#maracay	LOC
#aragua	LOC
#	0
11nov	0
#serviciop√∫blico	0
ciprofloxacina	MED
de	0
500	0
mg	MED
en	0
pastillas	0
para	0
familiar	0
de	0
mailysequera	NAME
tlf	0
04143476456	CONTACT
#maracay	LOC
#aragua	LOC
#	0
11oct	0
con	0
urgencia	NEEDS
se	0
solicita	NEEDS
medicamento	0
#serviciopublico	0
-	0
@oscarlolara	0
#	0
11oct	0
@dorjazz	0
busco	NEEDS
quetiapina	MED
de	0
25	0
mg	MED
con	0
urgencia	NEEDS
#medicinas	0
#ayuda	NEEDS
#serviciopublico	0
-	0
@jasonrobt	0
#	0
11oct	0
dorjazz	0
busco	NEEDS
quetiapina	MED
de	0
25	0
mg	MED
con	0
urgencia	0
#medicinas	0
#ayuda	0
#serviciopublico	0
--	0
jasonrobt	0
#	0
11oct	0
@reporteya	0
@diarioavanceweb	0
@laregionweb	0
@spvzla	0
@flapastillita	0
@fundacionbadan	0
con	0
urgencia	NEEDS
se	0
solicita	NEEDS
med	0
...	0
#	0
11oct	0
se	0
requiere	NEEDS
con	0
urgencia	NEEDS
trileptal	MED
u	0
oxcarbazepina	MED
,	0
kepra	MED
o	0
kopodex	MED
,	0
tegretol	MED
y	0
lamictal	MED
.	0
contacto	0
@zulogo	0
#serviciop√∫blico	0
#	0
11oct	0
#serviciopublico	0
#	0
11oct	0
#serviciop√∫blico	0
buenos	0
d√≠as	0
necesito	NEEDS
para	0
mi	0
madre	0
foradil	MED
/	0
miflonide	MED
de	0
200	0
o	0
400	0
y	0
berodual	MED
muchas	0
gracias	0
-	0
@krolay_f	0
#	0
11oct	0
#serviciop√∫blico	0
buenos	0
d√≠as	0
necesito	NEEDS
para	0
mi	0
madre	0
foradil	MED
/	0
miflonide	MED
de	0
200	0
o	0
400	0
y	0
berodual	MED
muchas	0
gracias	0
--	0
krolay	0
_	0
f	0
#	0
11oct	0
#serviciop√∫blico	0
#caracas	LOC
por	0
favor	0
,	0
se	0
necesita	NEEDS
con	0
c√°racter	0
de	0
urgencia	NEEDS
@donantesangreve	0
#	0
11oct	0
#serviciop√∫blico	0
#caracas	LOC
por	0
favor	0
,	0
se	0
necesita	NEEDS
con	0
c√°racter	0
de	0
urgencia	NEEDS
donantesangreve	0
#	0
11oct	0
#serviciop√∫blico	0
-	0
@globovision	0
#	0
11oct	0
#serviciop√∫blico	0
ni√±o	0
de	0
6	0
a√±os	0
necesita	NEEDS
medicinas	0
para	0
tumor	SICK
cerebral	SICK
-	0
@votabien	0
#	0
11oct	0
#serviciop√∫blico	0
ni√±o	0
de	0
6	0
a√±os	0
necesita	NEEDS
medicinas	0
para	0
tumor	SICK
cerebral	SICK
--	0
votabien	0
#	0
11oct	0
#serviciop√∫blico	0
se	0
dona	OFFERS
bactrim	MED
forte	0
-LRB-	0
sulfamethoxazole	MED
800	0
mg	MED
/	0
trimethoprim	MED
160	0
mg	MED
-RRB-	0
10tab	0
#	0
11oct	0
#serviciop√∫blico	0
se	0
dona	OFFERS
ceftabiol	MED
-LRB-	0
cefotaxime	MED
sodium	MED
1.0	0
g	0
-RRB-	0
1	0
inyectable	MED
#	0
11oct	0
#serviciopublico	0
se	0
dona	OFFERS
cipril	MED
-LRB-	0
lisinopril	MED
20	0
mg	MED
-RRB-	0
2tab	0
#	0
11oct	0
#serviciopublico	0
se	0
dona	OFFERS
cipril	MED
-LRB-	0
lisinopril	MED
20	0
mg	MED
-RRB-	0
2tab	0
#	0
11oct	0
#serviciop√∫blico	0
se	0
dona	OFFERS
colber	MED
h	0
-LRB-	0
bisoprolol	MED
fumarate	MED
5	0
mg	MED
/	0
hidrichlorothiazide	MED
6.25	0
mg	MED
-RRB-	0
16tab	0
#	0
11oct	0
#serviciop√∫blico	0
se	0
dona	OFFERS
colinorm	MED
-LRB-	0
clordiazep√≥xido	MED
hci	0
5	0
mg	MED
/	0
bromuro	MED
de	0
clidinio	MED
2.5	0
mg	MED
-RRB-	0
2tab	0
#	0
11oct	0
#serviciop√∫blico	0
se	0
dona	OFFERS
dalacin	MED
-LRB-	0
clindamicina	0
300	0
mg	MED
-RRB-	0
16tab	0
#	0
11oct	0
#serviciop√∫blico	0
se	0
dona	OFFERS
dansyl	MED
-LRB-	0
aminosidina	MED
125mg/5ml	MED
-RRB-	0
1	0
jarabe	MED
30	0
ml	MED
-LRB-	0
aminosidina	MED
250	0
mg	MED
-RRB-	0
4tab	0
#	0
11oct	0
#serviciop√∫blico	0
se	0
dona	OFFERS
diamenil	MED
g	0
-LRB-	0
metformina	MED
clorhidrato	MED
1000	0
mg	MED
-	0
glimepirina	MED
2	0
mg	MED
-RRB-	0
-	0
9tab	0
#	0
11oct	0
#serviciop√∫blico	0
se	0
dona	OFFERS
diamenil	MED
g	0
-LRB-	0
metformina	MED
clorhidrato	MED
1000	0
mg	MED
--	0
glimepirina	MED
2	0
mg	MED
-RRB-	0
--	0
9tab	0
#	0
11oct	0
#serviciop√∫blico	0
se	0
dona	OFFERS
eskapar	MED
-LRB-	0
nifuroxazida	MED
400	0
mg	MED
-RRB-	0
4tab	0
#	0
11oct	0
#serviciop√∫blico	0
se	0
dona	OFFERS
espironolactona	MED
100	0
mg	MED
--	0
10tab	0
#	0
11oct	0
#serviciopublico	0
se	0
dona	OFFERS
fort√≠n	MED
-LRB-	0
pregabalina	MED
150	0
mg	MED
-RRB-	0
2tab	0
#	0
11oct	0
#serviciop√∫blico	0
se	0
dona	OFFERS
mimetix	MED
-LRB-	0
memantina	MED
clorhidrato	MED
10	0
mg	MED
-RRB-	0
15tab	0
#	0
11oct	0
#serviciop√∫blico	0
se	0
dona	OFFERS
neoflucan	MED
reflux	MED
-LRB-	0
mosaprida	MED
citrato	MED
5	0
mg	MED
-RRB-	0
3tab	0
#	0
11oct	0
#serviciop√∫blico	0
se	0
dona	OFFERS
nidaxil	MED
-LRB-	0
nitazoxanida	MED
-RRB-	0
4tab	0
#	0
11oct	0
#serviciop√∫blico	0
se	0
dona	OFFERS
pharmenisona	MED
-LRB-	0
prednisona	0
50	0
mg	MED
-RRB-	0
16tab	0
#	0
11oct	0
#serviciop√∫blico	0
se	0
dona	OFFERS
piracetam-prodes	MED
-LRB-	0
piracetam	MED
800	0
mg	MED
-RRB-	0
6tab	0
#	0
11oct	0
#serviciop√∫blico	0
se	0
dona	OFFERS
prelone	MED
-LRB-	0
prednisola/prednisolone	MED
5	0
mg	MED
-RRB-	0
2tab	0
#	0
11oct	0
#serviciop√∫blico	0
se	0
dona	OFFERS
resincolestiramina	MED
-LRB-	0
colestiramina	MED
4g	0
-RRB-	0
polvo	0
para	0
suspensi√≥n	0
oral	MED
--	0
4	0
sobres	0
#	0
11oct	0
#serviciop√∫blico	0
se	0
solicita	NEEDS
los	0
siguientes	0
medicamentos	0
para	0
paciente	NEEDS
en	0
puerto	LOC
ordaz	LOC
-	0
@justiciadorada	0
@ivanlobo	CONTACT
@fagonzalezo	CONTACT
04144455063	CONTACT
#donacion	0
04262722036041697	CONTACT
nros	0
ovacionve	0
#serviciop√∫blico	0
amlodipina	MED
atorvastatina	MED
cl√¨nico	0
25mg2ml	0
@pzuban	CONTACT
@ramuchi35	CONTACT
@angeraymond	CONTACT
@fenixanony12	CONTACT
üÜò	0
üÜò	0
üÜò	0
#serviciopublico	0
guri	LOC
#ponrcr	0
#viaaterna	0
#	0
3oct	0
diane	NAME
otro	0
socorrido	0
mazzei	NAME
@ramonmuchacho	CONTACT
#serviciop√∫blico	0
morro	0
@latertuliafm	CONTACT
@aulardaily	CONTACT
@fdayana	CONTACT
2017	0
rt	0
@cotufa55	CONTACT
#urgente	0
#serviciopublicopara	0
@twitter	0
colaboremos	0
activada	0
contacto	0
04263563966	CONTACT
lunvier	0
@usemistaas	0
macaracuay	LOC
gigantes	0
soluc	0
@jmarquezfand	CONTACT
demedicina	0
ayudarlos	0
2212	0
noticiaportatil	0
tranc√≥	0
2850	0
#	0
12o	0
#urgente	0
#hospital	0
@luisbustamante1	CONTACT
450mglas	0
edinsonumbria	0
ketorolt	MED
#semanasanta2017	0
#preguntasquesiempremolestana	0
02524213834	CONTACT
@roja0205	CONTACT
moral	0
incibeen	0
@samerpclasrozas	CONTACT
@carlosmedicen	CONTACT
llanitocontacto	0
asmu84	0
colber	0
bandods	0
nistanina	MED
04142792531	CONTACT
#	0
04n	0
@ellisosorio7	CONTACT
azulpitone	MED
@fernandomh63	CONTACT
04268878355	CONTACT
#jesuselpobre	0
desd	0
avisarme	NEED
#serviciopublico	0
@descarlife1	CONTACT
@exussmed	CONTACT
@distchomeca	CONTACT
@falcomedicaplus	CONTACT
@drofarma	CONTACT
@invsantilud	CONTACT
templarioresist	0
0125	0
mg	0
#serviciopublicomedicina	0
0414019	0
gastritis	SICK
notificarme	NEED
04167073666	CONTACT
helena	NAME
psic√≥logo	0
mariafiuni	0
comodidad	0
vendo	0
pregabalina150mgs	0
solechesolum	0
transportar	0
refrigeradas	0
#serviciosocial	0
424705	0
@lugoalexa	CONTACT
#serviciop√∫blico	0
tepedino	NAME
interesadas	0
üÜò	0
#serviciopublico	0
üÜò	0
#maracaibourge	0
1500079500	0
esresonante	0
@leninalfonso	CONTACT
@laocaloca	CONTACT
9250811	0
@donaloya	CONTACT
aplican	0
@missayna	0
farmatotallse	0
platosin	MED
@everlinquintero	CONTACT
#serviciopublicole	0
perfluorodecalin	MED
@prensademonagas	CONTACT
@rtldsds	CONTACT
04148982886	CONTACT
@elregionalzulia	CONTACT
cesarobertein	0
#serviciop√∫blico	0
#	0
27junio	0
@lecarlesr	CONTACT
04142501935	CONTACT
#oaxaca	0
@voorhees5jason	CONTACT
@nviera1	CONTACT
icabaru	0
verific	0
volvieron	0
acidofolico	MED
04140203680	CONTACT
ipimenemvalixa450	MED
1878	0
duinconsueloc	0
#maracay	LOC
aliciagaleanoc	NAME
losartan	MED
losartan100mg	MED
plavix	MED
plavix75mg	MED
@keycova	CONTACT
04141133071	CONTACT
yumira	NAME
pedi√°trico	0
domicilio	0
magica991	0
pozccs	0
paganmos	0
04143370225	CONTACT
0414403881	CONTACT
difundir@porlagoma	0
8187533	0
mgmabthera	0
#eudrin	0
gtgtgt	0
üÜò	0
@nescordero19	CONTACT
@gestionpueblove	CONTACT
04244146525	CONTACT
@charlestpowell	CONTACT
#regrann	0
04245444206	CONTACT
@isabel3101	CONTACT
@getrepostdifundimos	CONTACT
naguanagua	LOC
@dulcesplaceres	CONTACT
04166430838	CONTACT
dime	0
@alegresenel	CONTACT
@traficovv	CONTACT
reemplazo	NEEDS
@joimars	CONTACT
cr√°neo	0
antibi√≥tico	MED
cefadroxilo	MED
#serviciop√∫blicohagamos	0
antial√©rgico	MED
100mgmmantina10mg	0
nimodipina	MED
nimodipina30mg	MED
@chateingsupremo	CONTACT
encuentr	0
videollamadas	0
@terravilenos	CONTACT
comentario	0
#parodetransported√≠a	0
actriz	0
m√©ridaal	0
conciert	0
pradraxa	MED
infiel	0
xr750	0
renny	NAME
ganar√°	0
#galvus	0
@pedroantoniorm	CONTACT
04129115209	CONTACT
#makeupartist	0
@shermanmartinez	CONTACT
trivastal	MED
@iadrisan	CONTACT
#bqtosolidaria	0
@ihaem	CONTACT
@einaclonai	CONTACT
#serviciop√∫blico	0
02129450181	CONTACT
lindilan	MED
@brandy1960	CONTACT
#serviciopublico	0
@solomaracuchos	CONTACT
hoynoticia13tv	0
@rafaelguayaba	CONTACT
@rosapmg	CONTACT
inmunol√≥gico	0
2511	0
gabaldon	NAME
#jesusmu√±oz	0
timb√¨	0
@fdiabetclub	0
@	0
21thmay	0
@yoyita28	CONTACT
obrero	0
tataki	0
caguas	LOC
04142853377	CONTACT
#silladerueda	0
@asfaltadorag	CONTACT
#atenci√≥n	0
@adrianas1	CONTACT
Levofloxacino	MED
chiquinquir√°	NAME
xyloproct	MED
karlajimenezdevielma	NAME
zuliano73hoy	0
2a√±itos	0
@verorengifo	CONTACT
04244286016	CONTACT
@ivettetss	CONTACT
#orientacionciudadana	0
@lahistoriade	CONTACT
#heladas	0
@anmari2012	CONTACT
aprepit	0
@chc31vamos	CONTACT
@bladi649	CONTACT
asm√°tico	SICK
miflodine	MED
@cathyca	CONTACT
adm√≥n	0
850gr	0
hemovac	MED
@guacherna12	CONTACT
recurso	0
thais	NAME
chiquitolina	0
@reyroots	CONTACT
tipos	0
dislocaron	SICK
plox	0
venecianas	0
dayvicastellano	NAME
@anaisjoseb	CONTACT
04245461694	CONTACT
puedenes	0
@noritayanes78	CONTACT
cl√≠ndamicina	MED
#ayudaalatiti	0
babanco	NAME
molero	NAME
@barretohect	CONTACT
04142466212	CONTACT
@g1	CONTACT
@micheltemer	CONTACT
territorio	0
ofrecerlo	OFFERS
@cecyrigaud	CONTACT
troyanopay	0
bmcargo	0
@lcsuzzarini	CONTACT
02418398380	CONTACT
04148058129	CONTACT
visitas	0
20mgs	0
27oct	0
senecesita	0
@nesacardenas	CONTACT
04143295145	CONTACT
042419709	CONTACT
smartphone	0
quimiodlb	0
@illenysc	CONTACT
@mawiib	CONTACT
agranitis	0
04121231514	CONTACT
hidre	0
@elyelyrodriguez	0
analg√©sico	MED
@daricontreras7	CONTACT
transulon	0
@lavozcomar	CONTACT
04242898481	CONTACT
potes	0
#	0
9jul	0
sarina	NAME
confiar	0
2269066	0
articulada	0
favor	0
04249274353	CONTACT
piloncito	0
#instagram	0
0414272388	CONTACT
@mbialcaldia	CONTACT
gast√©	0
@geicy09	CONTACT
@deglysop	CONTACT
bekousdavid	0
@dikavzla	CONTACT
aviseme	NEEDS
alejandrina	NAME
defiende	0
04243243113	CONTACT
aldana	0
@airam2003	CONTACT
@isaacdmc	CONTACT
04140070931	CONTACT
@cic	CONTACT
04143852791	CONTACT
epoetina	MED
@zujeyluna10	CONTACT
#aspirinainfantil	0
microsert	MED
@evelyken	CONTACT
maracaibo	LOC
trafic	0
#serviciopublico 0
velasquez NAME
04164372510	CONTACT
md	0
epiduo	0
albepir	0
recay√≥	0
finanzas	0
#donanteso	0
apendicitis	SICK
nu√±ez	NAME
#meneolaboral	0
04122280644	CONTACT
pemetrexed	MED
5915044	0
incumple	0
merryprado09	0
amnist√≠a	0
metren	0
ondajaen	0
#porla	0
vocacion	0
favor	0
#medicina	0
#vacunafiebreamarilla	0
#serviciop√∫blico	0
#maracaibo	LOC
profesora	0
@mtovar56	CONTACT
@jeanrequena	CONTACT
#ghostbusters	0
@daviddfr	CONTACT
compartit	0
aramis	0
04140511150	CONTACT
juanmantilla	NAME
grita	0
kors	0
#gianniscovino	0
cayeron	0
@gochacanaria	CONTACT
sodica	0
@efraingarciafr1	CONTACT
@angienavarromx	CONTACT
lecherias	LOC
gtgt	0
zulay	NAME
@alerta171bol	CONTACT
#	0
20jun	0
04166109600	CONTACT
04269175677	CONTACT
excasos	0
gomez	NAME
carga	0
g√°strica	SICK
metro	0
@tellanator	CONTACT
#serviciop√∫blicosu	0
diab√©ticos	SICK
@jamesbreiner	CONTACT
@marcovblanco	CONTACT
#	0
18jul	0
@cruzrojatach	CONTACT
#donatusmedicamen	0
ccsmad	0
04146857653	CONTACT
73976	0
@adrianahv	CONTACT
#difenilhidantoina MED
leucemia	SICK
embestido	0
04127802156	CONTACT
nuevaei	0
#serviciopublico	0
@rescatecarabobo	CONTACT
tetraciclina	MED
ponteensuszapatos	0
#publicservice	0
milrinone	MED
#lacastellana	LOC
#testosterona	0
vnzlnrt	0
notifica	0
@arrobastyle	CONTACT
trileptal	MED
flutixair	MED
aerosol	0
tratamientotuiteros	0
#serviciopublico	0
#ayudahumanitaria	0
@maryvzlna	CONTACT
carvedilol	MED
carvedilol125mg	MED
mercedes	NAME
@kalivolcan	CONTACT
tamoxifeno	MED
olyrica	0
04129408683	CONTACT
angelicamundo	0
@sembramostodos	CONTACT
#somezine	0
@jotadt	CONTACT
800noticias	0
#serviciop√∫blico	0
04246352735	CONTACT
pediacort	MED
ampolla	MED
goserelina	MED
env√≠ame	NEEDS
cinacalcet	MED
@frencme	CONTACT
@browswer	CONTACT
miflonide	MED
miflonide200mg	MED
katzvinc	0
#serviciopublico	0
costobeneficio	0
04129623436	CONTACT
#oloratelevisornuevo	0
@dereckb	CONTACT
#serviciop√∫blico	0
NEEDS	0
1grstelf	0
04249202920	CONTACT
todo	0
hospitalizaci√≥n	SICK
m√°rques	NAME
milan	NAME
porfavor	0
tur√≠sticos	0
mari√°ngela	NAME
18	0
kg	0
anons	0
regulado	0
conacto	0
jovenespjzulia	0
#serviciopublico	0
04242058538	CONTACT
@franciscodlcv	CONTACT
@jorgelinarg	CONTACT
5160	0
littlemonstrx	0
urbosilane	0
ayudemosamaxactivemos	0
sustitutos	0
d@fundacolibrive	0
@marianaarvelo17	CONTACT
tibolona	MED
#sepondr√°hermoso	0
#repost	0
dinorahdarakant	0
@mrschic	CONTACT
egresado	0
@elbusti	CONTACT
04140891570	CONTACT
ceftazidima	MED
04245511753	CONTACT
300	0
mg	0
#serviciopublico	0
urgenciaepamin	0
cdadbolivar	LOC
jes√∫sgarcia	NAME
04249204871	CONTACT
@elperrogocho	CONTACT
vidart	0
prisionero	0
04144459742	CONTACT
@luvenvzla	CONTACT
giselaro	0
#serviciopublico	0
#venprensasolidaria	0
reconocer	0
04242272124	CONTACT
@vugueto	CONTACT
carkol	0
@alexa1099	CONTACT
#serviciop√πblicogtgt	0
@venezuelasos86	CONTACT
#urgente	0
#	0
11octubre	0
qu√©dese	0
04122870500	CONTACT
@marcelazaro	CONTACT
04246447968	CONTACT
@ladonnaemobile	CONTACT
@alejndrojcl	CONTACT
04144849414	CONTACT
hidroclorotiazida	MED
patrimonial	0
metoclopramida	MED	
juliocesarrivas	NAME
morfinas	MED
hacemos	0
actonel	0
02512523610	CONTACT
swat	0
pirela	NAME
avisaran	NEEDS
#muro	0
04142348155	CONTACT
merodiando	0
rt@fundatiacruz	0
oculta	0
#sinaguamiravila	0
04263109291	CONTACT
rendir	0
farmasagrado	0
comieronpiden	0
125mg5ml	0
@jmvivancohrw	CONTACT
oralsusp	0
@erlissir	CONTACT
sierra	0
@robertanuel	CONTACT
#justicia	0
requiere    NEEDS
@fcarolinahr	0
0414520662102512619807	CONTACT
@reclamosguayana	0
04143690394	CONTACT
#actual	0
üÜò	0
#serviciopublico	0
üÜò	0
#	0
01ene	0
04125224088	CONTACT
@defensoresddhh	0
aleit	0
v√≠deos	0
suelto	0
@niccas66	0
04147900081@juliococo	0
gavil0224	0
3942588	0
04129992957	CONTACT
suarez	NAME
noroaming	0
40mgulconsup	0
#segur	0
mcaibohoy	0
@vzlamia2017	0
@damecomedia	0
04127011791	CONTACT
amlo	0
#urgente04140441522	0
#sospersonasmayoresvzla	0
04183457654	CONTACT
intestinalayudemos	0
@fundayudapanama	0
04142532054	CONTACT
vaya	0
04146027997	CONTACT
042422545	CONTACT
alplax	MED
mini	0
fritura	0
casting	0
haiyelin	NAME
guzman	NAME
interesant√≠simo	0
eleguir	0
difenilhidantona	MED
hermanitp	0
@r4m0n3li4s	0
2352bsf	0
perdieron	0
cuestiones	0
daivonex	MED
5x10mg	0
#medicamen	0
@princesaromera	0
8026	0
0608	0
pm	0
18	0
#	0
10abr	0
master	0
04242664856	CONTACT
@mariantofiguera	0
@vanempalau	0
microsen	MED
#may23	0
@fedevenacional	0
@asevedemocracia	0
caraba√±o	0
@marriela23	0
tipoacudie	0
@landrequintero	0
cardoza	0
acuacel	0
ayudemosnada	0
perdomo	0
#nefrologia	0
@jperezarellano	0
@belks1778	0
respectiva	0
@cesarjavierg	0
04241917706	CONTACT
@laboratordaymar	0
boliburgueses	0
@deuscaritasj	0
garantizar	0
#cuman√†	LOC
doctorafro	0
@consorvenve	0
carreritas	0
paea	0
#tasi	0
@natykro	0
#cordero	0
#serviciopublico	0
#lara	0
@cambotellanero	0
04242291842	CONTACT
#serviciopublicoperdida	0
04243051546	CONTACT
celulares	0
#estavezganavos	0
@diosmariamg	0
yenkerbert	NAME
#wanted	0
enga√±ar	0
cefactam	MED
13a√±oscualquier	0
keyler	NAME
vis√≠tanos	0
@juliojmarquez	0
d√°vilarecluido	0
josraf	0
#serviciopublico	0
manuelacuna	0
#serviciopublico	0
2robolucion	0
decreciente	0
#	0
13marzo	0
#serviciopublicourgentejoven	0
@ohmioband	0
@dexiramirezg	0
@alejandracdnoc	0
04128689666	CONTACT
04142663584	CONTACT
stefanellianna	NAME
kumayasa	0
@marianacg30	0
franela	0
ariasmud	0
#serviciopublico	0
500mggracias	0
7936692	0
barrancon	0
@berthapaula	0
#clinicacaracas	0
02124332156	CONTACT
#marielagomeza	0
@andrellysr	0
04142553198	CONTACT
neuroinfeccion	SICK
@aloletty	0
@farmaid	0
#resistenciaautonomista	0
estudios	0
gtgtgt@gallego50ltltltltltlt	CONTACT
dermygel	MED
23916	0
tapasol	0
41disponible	0
@marysk8	0
frascos04244980075	0
comidagraciaspero	0
#derechoalainformaci√≥n	0
04266915811	CONTACT
#fueraadoctrinamientoslaicos	0
6233	0
@rafaescalonaf	0
intentemos	0
@yaretg	0
tangores	0
#maturimnecesitamos	0
electr√≥nico	0
0424415535004269308357	CONTACT
0412920933004166984072	CONTACT
600	0
am	0
dudamel	0
berudualinfo	0
vacunas	MED
#serviciopublico	0
#caracas	0
optimizo	0
queen	0
jeancgarces12	0
#serviciopublico	0
40	0
#	0
267	0
#islr	0
flusoderma	MED
#pilotos	0
resca	0
anahely06	0
#serviciopublico	0
#todosconnathy	0
@gatafabiola	0
#exforge	0
jovenespjchara	0
#serviciopublico	0
tramal	0
vacunarse	SICK
@lajojo9	0
@titanscruise5	0
paisana	0
04246720844	CONTACT
devoluci√≥n	0
04142395900	CONTACT
04263229392	CONTACT
@coopagroclm	0
prueba	0
cedaxpa√±alessonda	0
@bickap	0
corregida	0
@karlita2m	0
#sex	0
#serviciopublico	0
√≥pticos	0
@edugaresp	0
#corruzione	0
@trafficlara	0
#serviciopublico	0
acdg85	0
#serviciopublico	0
#serviciopublicoun	0
talentos	0
@chiquitoc	0
larevista927	0
#serviciopublico	0
marianvalero	0
#serviciopublico	0
#tren	0
gu√°rdense	0
@paykingodoyhay	0
#sucialismo	0
alberto	NAME
luischa	NAME
loquepiensalagente	0
04126169582	CONTACT
@luischataing	0
@caraotadigital	0
pescao	0
botella	0
tabletaglymar	0
@paraguanagrande	0
apetec√≠an	0
#notiminuto	0
sigtiphin	MED
r√©gulo	0
@marielajos7	0
somazina500mg	MED
pmiguel	0
@yelarvel	0
#serviciopublicopara	0
ponganlo	0
#heroesdelapatria	0
hyzaar50125	0
zailez	0
carolinadmirand	0
#serviciop√∫blico	0
@francilucisarah	0
@greciapg09	0
ctoda	0
@serviciop	0
√∫blico	0
@matasiete67	0
@zizou7310	0
04242017307	CONTACT
#urgentela	0
04143986791	0
est√†	0
padecer	0
par√°lisis	SICK
@cabildomet	0
contacto0424639050204246988141	0
@malefica	0
pico	0
dafl√≥n	MED
fatorvastatina	MED
@itolentinos	0
arizmendi	0
042429281	CONTACT
#nutramigen	0
alprazocan	MED
desespero	NEEDS
@luispalmero	0
kkatirag	0
04147986386	CONTACT
#bmto	0
juliopara	0
#felizlunes	0
#serviciop√∫blico	0
#trancazoporlalibertadorinoco	0
@vzlaesmia1	0
04249367318	CONTACT
iecluz	0
encontrado	0
raburikasa	0
viento	0
coraspirina81mg	MED
@sinchacharas	0
@corpoeleczulia	0
protestavalera	0
@sandralilianac	0
#venezuelanpress	0
popular95fm	0
#serviciopublicose	0
@elheraldoco	0
04263036078	CONTACT
@manupanzarelli	0
mari	0
fenol	0
#urgentejocabelys	0
#	0
250	0
mg	0
@aquiandrea	0
exist√≠as	0
@zoresca	0
041490884	0
10	0
pm	0
examendiagn	0
#prohibidoolvidar	0
karl	NAME
tuiterlandalguien	0
@rodericknavarro	0
@differentlives	0
sebuscasedona	0
manosparavargas	0
#neupo	0
reporteya	0
#	0
1sep	0
#tigeciclina	MED
@deyanirarico1	0
#sotillo	0
#verg√ºenza	0
@gestaltcaracas	0
repuestos	0
04167137419	CONTACT
@marysatorres	0
hvfundaci	0
@fundacardin	0
@anjokamaximo	0
abusos	0
margen	0
tejeda	0
@dhamelizdiaz	0
@oecdlive	0
canino	0
#tudonacioneslasolucion	0
hiperlin	0
#apotalassolicitudesdemedicinascon1rt	0
@pr1merojusticia	0
venezuelalucha	0
#serviciopublico	0
#	0
09ago	0
@daliaagelvis	0
isosorbida	MED
#primerosauxilios	0
cefalozina	MED
cinsumos	0
tablero	0
seretidepara	MED
@commafcd	0
@mabelhp	0
@ydiaz5	0
conducido	0
#soycm	0
#	0
10may	0
emisi√≥n	0
hipertenson	SICK
#anam	0
damasco	0
#serviciop√∫blicotaylor	0
doxicoclina	MED
want	0
04141869198	CONTACT
aspergergolpeado	SICK
04120555166	CONTACT
motorizada	0
@angieduca	0
ayudemosnos	0
@roselinbrizuela	0
alooo	0
04147127844	CONTACT
@luisfrances	0
@omairita	0
@dmzcomputer	0
#vzlacon	0
@edomex	0
fombona	0
13a√±osoxacilina	0
daniela	NAME
@eddyperezguitar	0
@rafaelmarch69	0
@eduardomillan2	0
genil	0
neida	0
#gameofthones	0
#	0
22feb	0
#per√∫	0
#oxcarbamazepina	MED
@harleymonse	0
gr√°fico	0
@empelotadas	0
natrilix	MED
patriciahahnr	0
@salvagaleano	0
@onu	0
@guatireguarenas	0
@fncancer	0
atuendo	0
letrero	0
daisycar03051	0
042413883	0
miasis	SICK
hvsr	0
@octaviodavids1	0
04265733760	CONTACT
#	0
26mayo17	0
0426	0
kreuger470	0
#	0
5s	0
@chacoenlinearad	0
#eventos	0
@mriapaola	0
@eleseljefe	0
@principesa068	0
@trafficguayana	0
bloqueo	0
@asteropea	0
libel95https	0
04123071273	CONTACT
04142268233	CONTACT
#doxorobicina	MED
#garasone	MED
@lauracbg82	0
@corpoelecinfo	0
ultracef	0
dejanirasilveir	0
#spc	0
#glucoma	SICK
productora	0
donantesangre	MED
17570	0
dantoinan	0
@gobiernomiranda	0
maracaibo@menamary	0
azaprin	MED
cerebroy	0
choque	0
moco	SICK
ferdnan2000	0
#serviciopublico	0
04162515770	CONTACT
tentoxifilina	MED
donald	NAME
constante	0
josmarianyelis	NAME
@rocilucy	0
04127137958	CONTACT
belkysgonzalez6	0
@cvmercy	0
@canarias7	0
etopodifo	MED
fumar	SICK
@carloscalleja	0
byb24	0
o160	0
universitarios	0
com√∫nicarse	0
#temozolamide	MED
vencer√°n	0
@caracas2013	0
oberto	0
sof√≠	0
ort04148459544	0
04167139024	CONTACT
@amoavzl	0
minigynon	0
#	0
1sep	0
repartiendo	0
fulgran	MED
ccsrequiere	0
willie	NAME
mamanecesitaconurgencia12ampollasdoxorrubicina 0
#serparaservir	0
autotransfusion	0
neoral	MED
disfrut√°is	0
@manushanty	0
@deisy1sabel	0
ma√≠a	0
04242747902	CONTACT
tamoxifen	MED
@nobelconvit	0
aldactazina	MED
deportenme	0
gyros	0
@neluskig	0
04148073143	CONTACT
citosar	MED
pa√≠spromoci√≥n	0
candotti	0
18093324	0
@armandommonroy	0
@canaltvs	0
25025	0
mg	0
@nerecita99	0
@convivirvzla	0
derivados	0
colaboraron	0
avulos	0
benicia	NAME
madopar	MED
@herre818	0
@july2605	0
burla	0
@notipazcastillo	0
11	0
am	0
#citaprevia	0
#blud	0
@cecicaione	0
mabtheracontacto	0
#comemergenciasupf	0
@medicinalista	0
04161836951	CONTACT
04248319389	CONTACT
nenas	0
d√©bito	0
#serviciop√∫blico	0
@fatimavalenciar	0
amis	0
#pol√≠ticaala1leucoma	0
#serviciopubliconecesito	0
cardiaco	SICK
@sahzdipaz	0
2501833	0
ramitidina	MED
#	0
26may	0
contacto04264591751	0
tal√≥n	0
4515mgpara	0
@solechesoluma	0
@lismelquero	0
horno	0
crotondaro	0
privado	0
#serviciopublico	0
necesitacon	0
engranajeslstrafficmcbo	0
04149080215	CONTACT
04244992867	CONTACT
@trafficoling	0
amazonas	LOC
anzoategui	LOC
apure	LOC
aragua	LOC
barinas	LOC
bolivar	LOC
carabobo	LOC
cojedes	LOC
deltaamacuro	LOC
caracas	LOC
distritocapital	LOC
falcon	LOC
guarico	LOC
lara	LOC
merida	LOC
miranda	LOC
monagas	LOC
nuevaesparta	LOC
portuguesa	LOC
sucre	LOC
tachira	LOC
trujillo	LOC
vargas	LOC
yaracuy	LOC
zulia	LOC
#amazonas       LOC
#anzoategui     LOC
#apure  LOC
#aragua LOC
#barinas        LOC
#bolivar        LOC
#carabobo       LOC
#cojedes        LOC
#deltaamacuro   LOC
#caracas        LOC
#distritocapital        LOC
#falcon LOC
#guarico        LOC
#lara   LOC
#merida LOC
#miranda        LOC
#monagas        LOC
#nuevaesparta   LOC
#portuguesa     LOC
#sucre  LOC
#tachira        LOC
#trujillo       LOC
#vargas LOC
#yaracuy        LOC
#zulia  LOC
#islarat√≥n	LOC
#laesmeralda	LOC
#maroa	LOC
#puertoayacucho	LOC
#sancarlosder√≠onegro	LOC
#sanfernandodeatabapo	LOC
#sanjuandemanapiare	LOC
#anaco	LOC
#araguadebarcelona	LOC
#barcelona	LOC
#caigua	LOC
#cantaura	LOC
#clarines	LOC
#elchaparro	LOC
#eltigre	LOC
#guanta	LOC
#lecher√≠a	LOC
#mapire	LOC
#onoto	LOC
#parigu√°n	LOC
#puertolacruz	LOC
#puertop√≠ritu	LOC
#sanjos√©deguanipa	LOC
#sanmiguel	LOC
#santom√©	LOC
#santaana	LOC
#soledad	LOC
#urica	LOC
#valledeguanape	LOC
#vido√±o	LOC
#zuata	LOC
#achaguas	LOC
#arichuna	LOC
#biruaca	LOC
#bruzual	LOC
#ciudadsucre	LOC
#elamparo	LOC
#elorza	LOC
#guachara	LOC
#guasdualito	LOC
#mantecal	LOC
#puertop√°ez	LOC
#sanfernandodeapure	LOC
#sanjuandepayara	LOC
#barbacoas	LOC
#cagua	LOC
#camatagua	LOC
#coloniatovar	LOC
#elconsejo	LOC
#ellim√≥n	LOC
#lavictoria	LOC
#maracay	LOC
#ocumaredelacosta	LOC
#palonegro	LOC
#sancasimiro	LOC
#sansebasti√°n	LOC
#santacruz	LOC
#turmero	LOC
#santarita	LOC
#arismendi	LOC
#sabaneta	LOC
#caicaradelorinoco	LOC
#ciudadbol√≠var	LOC
#ciudadguayana	LOC
#elcallao	LOC
#eldorado	LOC
#elpauj√≠	LOC
#guasipati	LOC
#iboriwo	LOC
#kavanay√©n	LOC
#maripa	LOC
#paraitepuyderoraima	LOC
#sanfranciscodeyuruan√≠	LOC
#santaelenadeuair√©n	LOC
#sanrafaeldekamoir√°n	LOC
#upata	LOC
#w√∂nken	LOC
#bejuma	LOC
#guacara	LOC
#g√ºig√ºe	LOC
#losguayos	LOC
#mariara	LOC
#mor√≥n	LOC
#naguanagua	LOC
#puertocabello	LOC
#sandiego	LOC
#sanjoaqu√≠n	LOC
#tocuyito	LOC
#valencia	LOC
#elpao	LOC
#sancarlos	LOC
#tinaco	LOC
#tinaquillo	LOC
#curiapo	LOC
#pedernales	LOC
#tucupita	LOC
#dabajuro	LOC
#coro	LOC
#puntofijo	LOC
#tucacas	LOC
#urumaco	LOC
#altagraciadeorituco	LOC
#calabozo	LOC
#chaguaramas	LOC
#elsocorro	LOC
#guayabal	LOC
#ortiz	LOC
#sanjuandelosmorros	LOC
#valledelapascua	LOC
#zaraza	LOC
#barquisimeto	LOC
#cabudare	LOC
#carora	LOC
#eltocuyo	LOC
#sanare	LOC
#sarare	LOC
#qu√≠bor	LOC
#bailadores	LOC
#ejido	LOC
#elvig√≠a	LOC
#mucuch√≠es	LOC
#caracas	LOC
#charallave	LOC
#c√∫a	LOC
#c√∫pira	LOC
#guarenas	LOC
#guatire	LOC
#higuerote	LOC
#losteques	LOC
#mamporal	LOC
#petare	LOC
#ocumaredeltuy	LOC
#r√≠ochico	LOC
#sanantoniodelosaltos	LOC
#sanfranciscodeyare	LOC
#sanjos√©debarlovento	LOC
#santaluc√≠a	LOC
#santateresadeltuy	LOC
#araguadematur√≠n	LOC
#caripe	LOC
#caripito	LOC
#matur√≠n	LOC
#puntademata	LOC
#juangriego	LOC
#laasunci√≥n	LOC
#pampatar	LOC
#porlamar	LOC
#acarigua	LOC
#araure	LOC
#guanare	LOC
#ospino	LOC
#araya	LOC
#car√∫pano	LOC
#casanay	LOC
#cuman√°	LOC
#marig√ºitar	LOC
#r√≠ocaribe	LOC
#col√≥n	LOC
#lafr√≠a	LOC
#lagrita	LOC
#michelena	LOC
#palmira	LOC
#pregonero	LOC
#queniquea	LOC
#sanantoniodelt√°chira	LOC
#santaanadelt√°chira	LOC
#sancrist√≥bal	LOC
#t√°riba	LOC
#rubio	LOC
#bocon√≥	LOC
#laquebrada	LOC
#montecarmelo	LOC
#valera	LOC
#catialamar	LOC
#laguaira	LOC
#maiquetia	LOC
#chivacoa	LOC
#guama	LOC
#sanfelipe	LOC
#yaritagua	LOC
#nirgua	LOC
#cabimas	LOC
#ciudadojeda	LOC
#lavilladelrosario	LOC
#machiques	LOC
#maracaibo	LOC
#sanrafaeldelmoj√°n	LOC
#sinamaica	LOC
#sancarlosdelzulia	LOC
islarat√≥n	LOC
laesmeralda	LOC
maroa	LOC
puertoayacucho	LOC
sancarlosder√≠onegro	LOC
sanfernandodeatabapo	LOC
sanjuandemanapiare	LOC
anaco	LOC
araguadebarcelona	LOC
barcelona	LOC
caigua	LOC
cantaura	LOC
clarines	LOC
elchaparro	LOC
eltigre	LOC
guanta	LOC
lecher√≠a	LOC
mapire	LOC
onoto	LOC
parigu√°n	LOC
puertolacruz	LOC
puertop√≠ritu	LOC
sanjos√©deguanipa	LOC
sanmiguel	LOC
santom√©	LOC
santaana	LOC
soledad	LOC
urica	LOC
valledeguanape	LOC
vido√±o	LOC
zuata	LOC
achaguas	LOC
arichuna	LOC
biruaca	LOC
bruzual	LOC
ciudadsucre	LOC
elamparo	LOC
elorza	LOC
guachara	LOC
guasdualito	LOC
mantecal	LOC
puertop√°ez	LOC
sanfernandodeapure	LOC
sanjuandepayara	LOC
barbacoas	LOC
cagua	LOC
camatagua	LOC
coloniatovar	LOC
elconsejo	LOC
ellim√≥n	LOC
lavictoria	LOC
maracay	LOC
ocumaredelacosta	LOC
palonegro	LOC
sancasimiro	LOC
sansebasti√°n	LOC
santacruz	LOC
turmero	LOC
santarita	LOC
arismendi	LOC
sabaneta	LOC
caicaradelorinoco	LOC
ciudadbol√≠var	LOC
ciudadguayana	LOC
elcallao	LOC
eldorado	LOC
elpauj√≠	LOC
guasipati	LOC
iboriwo	LOC
kavanay√©n	LOC
maripa	LOC
paraitepuyderoraima	LOC
sanfranciscodeyuruan√≠	LOC
santaelenadeuair√©n	LOC
sanrafaeldekamoir√°n	LOC
upata	LOC
w√∂nken	LOC
bejuma	LOC
guacara	LOC
g√ºig√ºe	LOC
losguayos	LOC
mariara	LOC
mor√≥n	LOC
naguanagua	LOC
puertocabello	LOC
sandiego	LOC
sanjoaqu√≠n	LOC
tocuyito	LOC
valencia	LOC
elpao	LOC
sancarlos	LOC
tinaco	LOC
tinaquillo	LOC
curiapo	LOC
pedernales	LOC
tucupita	LOC
dabajuro	LOC
coro	LOC
puntofijo	LOC
tucacas	LOC
urumaco	LOC
altagraciadeorituco	LOC
calabozo	LOC
chaguaramas	LOC
elsocorro	LOC
guayabal	LOC
ortiz	LOC
sanjuandelosmorros	LOC
valledelapascua	LOC
zaraza	LOC
barquisimeto	LOC
cabudare	LOC
carora	LOC
eltocuyo	LOC
sanare	LOC
sarare	LOC
qu√≠bor	LOC
bailadores	LOC
ejido	LOC
elvig√≠a	LOC
mucuch√≠es	LOC
caracas	LOC
charallave	LOC
c√∫a	LOC
c√∫pira	LOC
guarenas	LOC
guatire	LOC
higuerote	LOC
losteques	LOC
mamporal	LOC
petare	LOC
ocumaredeltuy	LOC
r√≠ochico	LOC
sanantoniodelosaltos	LOC
sanfranciscodeyare	LOC
sanjos√©debarlovento	LOC
santaluc√≠a	LOC
santateresadeltuy	LOC
araguadematur√≠n	LOC
caripe	LOC
caripito	LOC
matur√≠n	LOC
puntademata	LOC
juangriego	LOC
laasunci√≥n	LOC
pampatar	LOC
porlamar	LOC
acarigua	LOC
araure	LOC
guanare	LOC
ospino	LOC
araya	LOC
car√∫pano	LOC
casanay	LOC
cuman√°	LOC
marig√ºitar	LOC
r√≠ocaribe	LOC
col√≥n	LOC
lafr√≠a	LOC
lagrita	LOC
michelena	LOC
palmira	LOC
pregonero	LOC
queniquea	LOC
sanantoniodelt√°chira	LOC
santaanadelt√°chira	LOC
sancrist√≥bal	LOC
t√°riba	LOC
rubio	LOC
bocon√≥	LOC
laquebrada	LOC
montecarmelo	LOC
valera	LOC
catialamar	LOC
laguaira	LOC
maiquetia	LOC
chivacoa	LOC
guama	LOC
sanfelipe	LOC
yaritagua	LOC
nirgua	LOC
cabimas	LOC
ciudadojeda	LOC
lavilladelrosario	LOC
machiques	LOC
maracaibo	LOC
sanrafaeldelmoj√°n	LOC
sinamaica	LOC
sancarlosdelzulia	LOC
#abacavir	MED
#acetato	MED
#acetazolamida	MED
#acetilciste√≠na	MED
#acetilsalic√≠lico	MED
#aciclovir	MED
#adrenalina	MED
#albendazol	MED
#alcuronio	MED
#alopurinol	MED
#alquitr√°ndehulla	MED
#amfotericina B	MED
#amidotrizoato	MED
#amikacina	MED
#amilorida	MED
#amitriptilina	MED
#amlodipino	MED
#amodiaquina	MED
#amoxicilina	MED
#ampicilina	MED
#antic√≥lera	MED
#antidift√©rica	MED
#anti‚ÄêD	MED
#antiencefalitis	MED
#antifiebre	MED
#antigripal	MED
#antiHaemophilus	MED
#antihepatitis	MED
#antiinfluenzae	MED
#antimeningitis	MED
#antimoniato	MED
#antineumoc√≥cica	MED
#antiparotid√≠tica	MED
#antipoliomiel√≠tica	MED
#antiponzo√±osa	MED
#antirotavirus	MED
#antirr√°bica	MED
#antirrube√≥lica	MED
#antisarampionosa	MED
#antitet√°nica	MED
#antitifoidea	MED
#antitos	MED
#antitoxina	MED
#antivaricela	MED
#artemetero	MED
#artesunato	MED
#asc√≥rbico	MED
#asparaginasa	MED
#atenolol	MED
#atropina	MED
#azatioprina	MED
#azitromicina	MED
#bacitracina	MED
#bario	MED
#BCG	MED
#beclometasona	MED
#bencilo	MED
#bencilpenicilina	MED
#benzatina	MED
#benznidazol	MED
#benzoato	MED
#benzoico	MED
#benzo√≠lo	MED
#betametasona	MED
#biperideno	MED
#bleomicina	MED
#bromuro	MED
#bupivaca√≠na	MED
#calamina	MED
#c√°lcicoe	MED
#calcio	MED
#capreomicina	MED
#carbamazepina	MED
#carbidopa	MED
#carbonato	MED
#carb√≥n	MED
#cefazolina	MED
#cefixima	MED
#ceftazidima	MED
#ceftriaxona	MED
#ciclofosfamida	MED
#cicloserina	MED
#ciclosporina	MED
#cilastatina	MED
#cinc	MED
#cipionato	MED
#ciprofloxacino	MED
#cisplatino	MED
#citarabina	MED
#citrato	MED
#clavul√°nico	MED
#clindamicina	MED
#clofazimina	MED
#clomifeno	MED
#clomipramina	MED
#clorambucilo	MED
#cloranfenicol	MED
#clorfenamina	MED
#clorhexidina	MED
#cloroquina	MED
#cloroxilenol	MED
#clorpromazina	MED
#cloruro	MED
#clotrimazol	MED
#cloxacilina	MED
#code√≠na	MED
#dacarbazina	MED
#dactinomicina	MED
#dapsona	MED
#daunorubicina	MED
#deferoxamina	MED
#dexametasona	MED
#dextrano70	MED
#diacetato de aluminio	MED
#diafragmas	MED
#diazepam	MED
#didanosina	MED
#dietilcarbamazina	MED
#dift√©rica	MED
#digoxina	MED
#diloxanida	MED
#dimercaprol	MED
#dinitrato	MED
#disoproxil	MED
#ditranol	MED
#DL‚Äêmetionina	MED
#dopamina	MED
#doxiciclina	MED
#doxorubicina	MED
#edetato	MED
#efavirenzo	MED
#efedrina	MED
#eflornitina	MED
#emtricitabina	MED
#enalapril	MED
#enantato	MED
#epinefrina	MED
#ergocalciferol	MED
#ergometrina	MED
#eritromicina	MED
#espectinomicina	MED
#espironolactona	MED
#estavudina	MED
#estradiol	MED
#estreptomicina	MED
#estreptoquinasa	MED
#etambutol	MED
#etanol	MED
#etinilestradiol	MED
#etionamida	MED
#etop√≥sido	MED
#etosuximida	MED
#fenito√≠na	MED
#fenobarbital	MED
#fenoximetilpenicilina	MED
#f√©rrico	MED
#ferrosa	MED
#fitomenadiona	MED
#flucitosina	MED
#fluconazol	MED
#flufenazina	MED
#fluoresce√≠na	MED
#fluorouracilo	MED
#fluoruro	MED
#fluoxetina	MED
#f√≥lico	MED
#folinato	MED
#fumarato	MED
#furosemida	MED
#gentamicina	MED
#glibenclamida	MED
#glicerilo	MED
#gluconato	MED
#glucosa	MED
#glutaral	MED
#griseofulvina	MED
#haloperidol	MED
#halothano	MED
#heparina s√≥dica	MED
#hexacianoferrato	MED
#hidralazina	MED
#hidroclorotiazida	MED
#hidrocortisona	MED
#hidrogenocarbonato	MED
#hidr√≥xido	MED
#hidroxocobalamina	MED
#ibuprofeno	MED
#imipenem	MED
#indinavir	MED
#inmunoglobulina	MED
#insulina	MED
#intraperitoneal	MED
#intrauterino	MED
#ioduro	MED
#iohexol	MED
#iotroxato	MED
#ipratropio	MED
#isoniazida	MED
#isosorbida	MED
#ivermectina	MED
#kanamicina	MED
#ketamina	MED
#lactato	MED
#lamivudina	MED
#levamisol	MED
#levodopa	MED
#levonorgestrel	MED
#levotiroxina	MED
#lidoca√≠na	MED
#litio	MED
#lopinavir	MED
#lumefantrina	MED
#magnesio	MED
#manitol	MED
#mebendazol	MED
#medroxiprogesterona	MED
#mefloquina	MED
#meglumina	MED
#melarsoprol	MED
#mercaptopurina	MED
#metadona	MED
#metformina	MED
#metildopa	MED
#metilrosanilina	MED
#metiltioninio	MED
#metoclopramida	MED
#metotrexato	MED
#metronidazol	MED
#miconazol	MED
#mifepristona	MED
#misoprostol	MED
#morfina	MED
#naloxona	MED
#nelfinavir	MED
#neomicina	MED
#neostigmina	MED
#nevirapina	MED
#niclosamida	MED
#nicotinamida	MED
#nifurtimox	MED
#nistatina	MED
#nitrito	MED
#nitrofuranto√≠na	MED
#nitroprusiato	MED
#noretisterona	MED
#ofloxacino	MED
#oxamniquina	MED
#√≥xido nitroso	MED
#ox√≠geno	MED
#oxitocina	MED
#p‚Äêaminosalic√≠lico	MED
#paracetamol	MED
#paromomicina	MED
#penicilamina	MED
#pentamidina	MED
#permanganato	MED
#permetrina	MED
#per√≥xido	MED
#pilocarpina	MED
#pirantel	MED
#pirazinamida	MED
#piridostigmina	MED
#piridoxina	MED
#pirimetamina	MED
#podofilo	MED
#potasio	MED
#povidona yodada	MED
#prazicuantel	MED
#prednisolona	MED
#preservativos	MED
#primaquina	MED
#proca√≠na	MED
#procainamida	MED
#procarbazina	MED
#proguanil	MED
#prometazina	MED
#propiltiouracilo	MED
#propranolol	MED
#protamina	MED
#prote√≠nico	MED
#quinidina	MED
#quinina	MED
#ranitidina	MED
#rehidrataci√≥n	MED
#resina	MED
#retinol	MED
#ribavirin	MED
#riboflavina	MED
#rifampicina	MED
#ritonavir	MED
#salbutamol	MED
#salferrosa	MED
#salic√≠lico	MED
#saquinavir	MED
#selenio	MED
#simvastatina	MED
#s√≥dica	MED
#sodio	MED
#sulfadiazina	MED
#sulfadoxina	MED
#sulfametoxazol	MED
#sulfasalazina	MED
#sulfato	MED
#suramina	MED
#suxametonio	MED
#tamoxifeno	MED
#tenofovir	MED
#testosterona	MED
#tetraca√≠na	MED
#tetraciclina	MED
#tiamina	MED
#timolol	MED
#tiopental	MED
#tiosulfato	MED
#triclabendazol	MED
#trimetoprim	MED
#trinitrato	MED
#tropicamida	MED
#tuberculina	MED
#urea	MED
#vacuna	MED
#valproico	MED
#vancomicina	MED
#vecuronio	MED
#verapamilo	MED
#vinblastina	MED
#vincristina	MED
#warfarina	MED
#yodo	MED
#zido	MED
#zidovudina	MED
abacavir	MED
acetato	MED
acetazolamida	MED
acetilciste√≠na	MED
acetilsalic√≠lico	MED
aciclovir	MED
adrenalina	MED
albendazol	MED
alcuronio	MED
alopurinol	MED
alquitr√°ndehulla	MED
amfotericina B	MED
amidotrizoato	MED
amikacina	MED
amilorida	MED
amitriptilina	MED
amlodipino	MED
amodiaquina	MED
amoxicilina	MED
ampicilina	MED
antic√≥lera	MED
antidift√©rica	MED
anti‚ÄêD	MED
antiencefalitis	MED
antifiebre	MED
antigripal	MED
antiHaemophilus	MED
antihepatitis	MED
antiinfluenzae	MED
antimeningitis	MED
antimoniato	MED
antineumoc√≥cica	MED
antiparotid√≠tica	MED
antipoliomiel√≠tica	MED
antiponzo√±osa	MED
antirotavirus	MED
antirr√°bica	MED
antirrube√≥lica	MED
antisarampionosa	MED
antitet√°nica	MED
antitifoidea	MED
antitos	MED
antitoxina	MED
antivaricela	MED
artemetero	MED
artesunato	MED
asc√≥rbico	MED
asparaginasa	MED
atenolol	MED
atropina	MED
azatioprina	MED
azitromicina	MED
bacitracina	MED
bario	MED
BCG	MED
beclometasona	MED
bencilo	MED
bencilpenicilina	MED
benzatina	MED
benznidazol	MED
benzoato	MED
benzoico	MED
benzo√≠lo	MED
betametasona	MED
biperideno	MED
bleomicina	MED
bromuro	MED
bupivaca√≠na	MED
calamina	MED
c√°lcicoe	MED
calcio	MED
capreomicina	MED
carbamazepina	MED
carbidopa	MED
carbonato	MED
carb√≥n	MED
cefazolina	MED
cefixima	MED
ceftazidima	MED
ceftriaxona	MED
ciclofosfamida	MED
cicloserina	MED
ciclosporina	MED
cilastatina	MED
cinc	MED
cipionato	MED
ciprofloxacino	MED
cisplatino	MED
citarabina	MED
citrato	MED
clavul√°nico	MED
clindamicina	MED
clofazimina	MED
clomifeno	MED
clomipramina	MED
clorambucilo	MED
cloranfenicol	MED
clorfenamina	MED
clorhexidina	MED
cloroquina	MED
cloroxilenol	MED
clorpromazina	MED
cloruro	MED
clotrimazol	MED
cloxacilina	MED
code√≠na	MED
dacarbazina	MED
dactinomicina	MED
dapsona	MED
daunorubicina	MED
deferoxamina	MED
dexametasona	MED
dextrano70	MED
diacetato de aluminio	MED
diafragmas	MED
diazepam	MED
didanosina	MED
dietilcarbamazina	MED
dift√©rica	MED
digoxina	MED
diloxanida	MED
dimercaprol	MED
dinitrato	MED
disoproxil	MED
ditranol	MED
DL‚Äêmetionina	MED
dopamina	MED
doxiciclina	MED
doxorubicina	MED
edetato	MED
efavirenzo	MED
efedrina	MED
eflornitina	MED
emtricitabina	MED
enalapril	MED
enantato	MED
epinefrina	MED
ergocalciferol	MED
ergometrina	MED
eritromicina	MED
espectinomicina	MED
espironolactona	MED
estavudina	MED
estradiol	MED
estreptomicina	MED
estreptoquinasa	MED
etambutol	MED
etanol	MED
etinilestradiol	MED
etionamida	MED
etop√≥sido	MED
etosuximida	MED
fenito√≠na	MED
fenobarbital	MED
fenoximetilpenicilina	MED
f√©rrico	MED
ferrosa	MED
fitomenadiona	MED
flucitosina	MED
fluconazol	MED
flufenazina	MED
fluoresce√≠na	MED
fluorouracilo	MED
fluoruro	MED
fluoxetina	MED
f√≥lico	MED
folinato	MED
fumarato	MED
furosemida	MED
gentamicina	MED
glibenclamida	MED
glicerilo	MED
gluconato	MED
glucosa	MED
glutaral	MED
griseofulvina	MED
haloperidol	MED
halothano	MED
heparina s√≥dica	MED
hexacianoferrato	MED
hidralazina	MED
hidroclorotiazida	MED
hidrocortisona	MED
hidrogenocarbonato	MED
hidr√≥xido	MED
hidroxocobalamina	MED
ibuprofeno	MED
imipenem	MED
indinavir	MED
inmunoglobulina	MED
insulina	MED
intraperitoneal	MED
intrauterino	MED
ioduro	MED
iohexol	MED
iotroxato	MED
ipratropio	MED
isoniazida	MED
isosorbida	MED
ivermectina	MED
kanamicina	MED
ketamina	MED
lactato	MED
lamivudina	MED
levamisol	MED
levodopa	MED
levonorgestrel	MED
levotiroxina	MED
lidoca√≠na	MED
litio	MED
lopinavir	MED
lumefantrina	MED
magnesio	MED
manitol	MED
mebendazol	MED
medroxiprogesterona	MED
mefloquina	MED
meglumina	MED
melarsoprol	MED
mercaptopurina	MED
metadona	MED
metformina	MED
metildopa	MED
metilrosanilina	MED
metiltioninio	MED
metoclopramida	MED
metotrexato	MED
metronidazol	MED
miconazol	MED
mifepristona	MED
misoprostol	MED
morfina	MED
naloxona	MED
nelfinavir	MED
neomicina	MED
neostigmina	MED
nevirapina	MED
niclosamida	MED
nicotinamida	MED
nifurtimox	MED
nistatina	MED
nitrito	MED
nitrofuranto√≠na	MED
nitroprusiato	MED
noretisterona	MED
ofloxacino	MED
oxamniquina	MED
√≥xido nitroso	MED
ox√≠geno	MED
oxitocina	MED
p‚Äêaminosalic√≠lico	MED
paracetamol	MED
paromomicina	MED
penicilamina	MED
pentamidina	MED
permanganato	MED
permetrina	MED
per√≥xido	MED
pilocarpina	MED
pirantel	MED
pirazinamida	MED
piridostigmina	MED
piridoxina	MED
pirimetamina	MED
podofilo	MED
potasio	MED
povidona yodada	MED
prazicuantel	MED
prednisolona	MED
preservativos	MED
primaquina	MED
proca√≠na	MED
procainamida	MED
procarbazina	MED
proguanil	MED
prometazina	MED
propiltiouracilo	MED
propranolol	MED
protamina	MED
prote√≠nico	MED
quinidina	MED
quinina	MED
ranitidina	MED
rehidrataci√≥n	MED
resina	MED
retinol	MED
ribavirin	MED
riboflavina	MED
rifampicina	MED
ritonavir	MED
salbutamol	MED
salferrosa	MED
salic√≠lico	MED
saquinavir	MED
selenio	MED
simvastatina	MED
s√≥dica	MED
sodio	MED
sulfadiazina	MED
sulfadoxina	MED
sulfametoxazol	MED
sulfasalazina	MED
sulfato	MED
suramina	MED
suxametonio	MED
tamoxifeno	MED
tenofovir	MED
testosterona	MED
tetraca√≠na	MED
tetraciclina	MED
tiamina	MED
timolol	MED
tiopental	MED
tiosulfato	MED
triclabendazol	MED
trimetoprim	MED
trinitrato	MED
tropicamida	MED
tuberculina	MED
urea	MED
vacuna	MED
valproico	MED
vancomicina	MED
vecuronio	MED
verapamilo	MED
vinblastina	MED
vincristina	MED
warfarina	MED
yodo	MED
zido	MED
zidovudina	MED
